name,condition,time,sex,tissue
influenza_d8_F0,influenza,8,Female,Cerebellum
uninfected_d0_F1,uninfected,0,Female,Cerebellum
uninfected_d0_F2,uninfected,0,Female,Cerebellum
influenza_d4_F3,influenza,4,Female,Cerebellum
influenza_d4_M4,influenza,4,Male,Cerebellum
influenza_d8_M5,influenza,8,Male,Cerebellum
influenza_d8_F6,influenza,8,Female,Cerebellum
uninfected_d0_M7,uninfected,0,Male,Cerebellum
influenza_d4_F8,influenza,4,Female,Cerebellum
influenza_d4_M9,influenza,4,Male,Cerebellum
influenza_d8_M10,influenza,8,Male,Cerebellum
influenza_d8_M11,influenza,8,Male,Cerebellum
uninfected_d0_F12,uninfected,0,Female,Cerebellum
uninfected_d0_M13,uninfected,0,Male,Cerebellum
influenza_d4_M14,influenza,4,Male,Cerebellum
influenza_d8_F15,influenza,8,Female,Cerebellum
influenza_d4_F16,influenza,4,Female,Cerebellum
uninfected_d0_F17,uninfected,0,Female,Cerebellum
uninfected_d0_M18,uninfected,0,Male,Cerebellum
influenza_d4_F19,influenza,4,Female,Cerebellum
influenza_d4_M20,influenza,4,Male,Cerebellum
influenza_d8_F21,influenza,8,Female,Cerebellum
